Workbook

Sheet Whiteboard Data
A1: Submitter | B1: Date | C1: Elevation | D1: Drop | E1: Floor | F1: Tower | G1: Defects | I1: Whiteboard Photo | J1: POSSIBLE CAUSE | K1: Possible Cause Justification | L1: Recommended Repair | M1: FINDINGS
G2: Damage | H2: Dimension
A3: RUFINO ZUÑIGA JR | B3: JULY 12, 2026 | C3: FRONT | D3: 1 | E3: 2 | G3: Sealant
G4: DS C-C | H4: 350 CM | J4: =IFERROR(VLOOKUP(LEFT($G4, FIND(" ", $G4&" ") - 1), 'Reference Data'!$A$2:$E$15, 3, FALSE), "") | K4: =IFERROR(VLOOKUP(LEFT($G4, FIND(" ", $G4&" ") - 1), 'Reference Data'!$A$2:$E$15, 4, FALSE), "") | L4: =IFERROR(VLOOKUP(LEFT($G4, FIND(" ", $G4&" ") - 1), 'Reference Data'!$A$2:$E$15, 5, FALSE), "") | M4: =IFERROR(VLOOKUP(LEFT($G4, FIND(" ", $G4&" ") - 1), 'Reference Data'!$A$2:$E$15, 2, FALSE), "")
G5: Concrete
G6: C+ | H6: 350 CM² | J6: =IFERROR(VLOOKUP(LEFT($G6, FIND(" ", $G6&" ") - 1), 'Reference Data'!$A$2:$E$15, 3, FALSE), "") | K6: =IFERROR(VLOOKUP(LEFT($G6, FIND(" ", $G6&" ") - 1), 'Reference Data'!$A$2:$E$15, 4, FALSE), "") | L6: =IFERROR(VLOOKUP(LEFT($G6, FIND(" ", $G6&" ") - 1), 'Reference Data'!$A$2:$E$15, 5, FALSE), "") | M6: =IFERROR(VLOOKUP(LEFT($G6, FIND(" ", $G6&" ") - 1), 'Reference Data'!$A$2:$E$15, 2, FALSE), "")
G7: Paint
J8: =IFERROR(VLOOKUP(LEFT($G8, FIND(" ", $G8&" ") - 1), 'Reference Data'!$A$2:$E$15, 3, FALSE), "") | K8: =IFERROR(VLOOKUP(LEFT($G8, FIND(" ", $G8&" ") - 1), 'Reference Data'!$A$2:$E$15, 4, FALSE), "") | L8: =IFERROR(VLOOKUP(LEFT($G8, FIND(" ", $G8&" ") - 1), 'Reference Data'!$A$2:$E$15, 5, FALSE), "") | M8: =IFERROR(VLOOKUP(LEFT($G8, FIND(" ", $G8&" ") - 1), 'Reference Data'!$A$2:$E$15, 2, FALSE), "")
G9: Gasket
J10: =IFERROR(VLOOKUP(LEFT($G10, FIND(" ", $G10&" ") - 1), 'Reference Data'!$A$2:$E$15, 3, FALSE), "") | K10: =IFERROR(VLOOKUP(LEFT($G10, FIND(" ", $G10&" ") - 1), 'Reference Data'!$A$2:$E$15, 4, FALSE), "") | L10: =IFERROR(VLOOKUP(LEFT($G10, FIND(" ", $G10&" ") - 1), 'Reference Data'!$A$2:$E$15, 5, FALSE), "") | M10: =IFERROR(VLOOKUP(LEFT($G10, FIND(" ", $G10&" ") - 1), 'Reference Data'!$A$2:$E$15, 2, FALSE), "")
A11: RUFINO ZUÑIGA JR | B11: JULY 15, 2026 | C11: FRONT | D11: 1 | E11: 3D | G11: Sealant
G12: DS C-C | H12: 690 CM | J12: =IFERROR(VLOOKUP(LEFT($G12, FIND(" ", $G12&" ") - 1), 'Reference Data'!$A$2:$E$15, 3, FALSE), "") | K12: =IFERROR(VLOOKUP(LEFT($G12, FIND(" ", $G12&" ") - 1), 'Reference Data'!$A$2:$E$15, 4, FALSE), "") | L12: =IFERROR(VLOOKUP(LEFT($G12, FIND(" ", $G12&" ") - 1), 'Reference Data'!$A$2:$E$15, 5, FALSE), "") | M12: =IFERROR(VLOOKUP(LEFT($G12, FIND(" ", $G12&" ") - 1), 'Reference Data'!$A$2:$E$15, 2, FALSE), "")
G13: Concrete
J14: =IFERROR(VLOOKUP(LEFT($G14, FIND(" ", $G14&" ") - 1), 'Reference Data'!$A$2:$E$15, 3, FALSE), "") | K14: =IFERROR(VLOOKUP(LEFT($G14, FIND(" ", $G14&" ") - 1), 'Reference Data'!$A$2:$E$15, 4, FALSE), "") | L14: =IFERROR(VLOOKUP(LEFT($G14, FIND(" ", $G14&" ") - 1), 'Reference Data'!$A$2:$E$15, 5, FALSE), "") | M14: =IFERROR(VLOOKUP(LEFT($G14, FIND(" ", $G14&" ") - 1), 'Reference Data'!$A$2:$E$15, 2, FALSE), "")
G15: Paint
J16: =IFERROR(VLOOKUP(LEFT($G16, FIND(" ", $G16&" ") - 1), 'Reference Data'!$A$2:$E$15, 3, FALSE), "") | K16: =IFERROR(VLOOKUP(LEFT($G16, FIND(" ", $G16&" ") - 1), 'Reference Data'!$A$2:$E$15, 4, FALSE), "") | L16: =IFERROR(VLOOKUP(LEFT($G16, FIND(" ", $G16&" ") - 1), 'Reference Data'!$A$2:$E$15, 5, FALSE), "") | M16: =IFERROR(VLOOKUP(LEFT($G16, FIND(" ", $G16&" ") - 1), 'Reference Data'!$A$2:$E$15, 2, FALSE), "")
G17: Gasket
J18: =IFERROR(VLOOKUP(LEFT($G18, FIND(" ", $G18&" ") - 1), 'Reference Data'!$A$2:$E$15, 3, FALSE), "") | K18: =IFERROR(VLOOKUP(LEFT($G18, FIND(" ", $G18&" ") - 1), 'Reference Data'!$A$2:$E$15, 4, FALSE), "") | L18: =IFERROR(VLOOKUP(LEFT($G18, FIND(" ", $G18&" ") - 1), 'Reference Data'!$A$2:$E$15, 5, FALSE), "") | M18: =IFERROR(VLOOKUP(LEFT($G18, FIND(" ", $G18&" ") - 1), 'Reference Data'!$A$2:$E$15, 2, FALSE), "")

Sheet Reference Data
A1: Defect Code | B1: Defect Type | C1: Likely Cause(s) | D1: Justification | E1: Recommended Repair
A2: CC- | B2: Minor Concrete Crack | C2: Act of God or Wear and Tear | D2: Typically form due to drying shrinkage or building movement. Can be exacerbated by environmental stress or thermal cycling. Occurences beyond human control | E2: Apply epoxy mortar.
A3: C- | B3: Minor Concrete Crack | C3: Act of God or Wear and Tear | D3: Typically form due to drying shrinkage or building movement. Can be exacerbated by environmental stress or thermal cycling. Occurences beyond human control | E3: Apply epoxy mortar.
A4: CC+ | B4: Major Concrete Crack | C4: Act of God or Wear and Tear | D4: Often indicate structural stress or abnormal movement; may also reflect long-term degradation in structural load paths. Soil movements blow causing structure movements. | E4: Perform epoxy injection.
A5: C+ | B5: Major Concrete Crack | C5: Act of God or Wear and Tear | D5: Often indicate structural stress or abnormal movement; may also reflect long-term degradation in structural load paths. Soil movements blow causing structure movements. | E5: Perform epoxy injection.
A6: BH | B6: Dented Surface or Bugholes | C6: Workmanship | D6: Result from improper concrete casting, lack of consolidation, or poor formwork. Appear early and are usually non-structural. | E6: Apply repair mortar with concrete epoxy (A&B). (Repainting upon building admin decision)
A7: US | B7: Dented Surface or Bugholes | C7: Workmanship | D7: Result from improper concrete casting, lack of consolidation, or poor formwork. Appear early and are usually non-structural. | E7: Apply repair mortar with concrete epoxy (A&B). (Repainting upon building admin decision)
A8: DP | B8: Discolored Paint | C8: Wear and Tear | D8: Fades or stains over time due to sun exposure, moisture, and pollution. A predictable result of long-term exposure. | E8: Retouch paint; ensure proper surface prep.
A9: FP | B9: Flaky Paint | C9: Wear and Tear | D9: Lapsed warranty; degrades due to age, UV, and temperature shifts. Failures are common after several years of exposure. | E9: Remove loose paint, prime, and repaint.
A10: BP | B10: Bubbly Paint | C10: Wear and Tear | D10: Lapsed warranty; degrades due to age, UV, and temperature shifts. Failures are common after several years of exposure. | E10: Remove bubbles, dry surface, prime, and repaint.
A11: DG | B11: Damaged Gasket | C11: Wear and Tear | D11: Gaskets degrade due to age, UV, and temperature shifts. Failures are common after several years of exposure | E11: Remove gasket and reseal.
A12: DS | B12: Damaged Sealant | C12: Wear and Tear | D12: Lapsed warranty; Cracking or tearing due to joint movement, UV aging, or thermal cycles. Material failure over time is expected even with proper application. | E12: Remove existing sealant, clean joint, install backer rod and apply new sealant.
... A14: BG | B14: Broken Glass (BG) | C14: Unclassified (Circumstantial) | D14: Typically the result of impact, high wind pressure, or spontaneous breakage due to thermal stress. Often sudden and isolated. | E14: Replace glass and reseal edges.
